<OrganizedData><Folder Name="Unassigned" Expanded="True" FolderType="0"><Folder Name="Windows" Expanded="True" FolderType="1"><Window Name="drugi_plan" Index="3" Desc="" Template_Window="False" IsModern="False"></Window><Window Name="menu" Index="1" Desc="" Template_Window="False" IsModern="False"></Window><Window Name="pierwszy_plan" Index="2" Desc="" Template_Window="False" IsModern="False"></Window></Folder><Folder Name="Scripts" Expanded="False" FolderType="2"></Folder></Folder><Folder Name="Template Windows" Expanded="False" FolderType="4"></Folder></OrganizedData>
