<OrganizedData><Folder Name="Unassigned" Expanded="True" FolderType="0"><Folder Name="Windows" Expanded="True" FolderType="1"><Window Name="Animacja" Index="3" Desc="" Template_Window="False" IsModern="False"></Window><Window Name="Data i czas" Index="1" Desc="" Template_Window="False" IsModern="False"></Window><Window Name="Menu" Index="2" Desc="" Template_Window="False" IsModern="False"></Window></Folder><Folder Name="Scripts" Expanded="True" FolderType="2"><Script Name="kąt" Type="DataChange Script"></Script><Script Name="kąt == 360" Type="Condition Script"></Script></Folder></Folder><Folder Name="Template Windows" Expanded="False" FolderType="4"></Folder></OrganizedData>
